<?xml version="1.0" encoding="UTF-8"?>
<!-- for apps-1.5 -->
<!--
    This file stores all properties needed by system to startup. Property names must be in the
    format: "example.prop.is=value"
    That will be stored as:
        <example>
            <prop>
                <is>value</is>
            </prop>
        </example>

     All properties must be under the "apps" element.

     This file should live in your appsHome directory. The path to that directory
     should be specified in your apps_init.xml file or by one of the other
     supported mechanisms.
-->

<apps> 
  <setup>false</setup>  
  <log4j> 
    <threshold>ERROR</threshold> 
  </log4j> 
  <locale>
	<characterEncoding>UTF-8</characterEncoding>
  </locale>

  <database>
	
  </database>
</apps>
